mem_used;cpu_used;disc_used;date
72;21;41;23/09/2021 13:31
72;6;41;23/09/2021 13:31
71;8;41;23/09/2021 13:31
71;6;41;23/09/2021 13:31
71;5;41;23/09/2021 13:31
71;2;41;23/09/2021 13:31
71;8;41;23/09/2021 13:31
71;9;41;23/09/2021 13:31
71;4;41;23/09/2021 13:31
72;9;41;23/09/2021 13:31
72;7;41;23/09/2021 13:31
71;6;41;23/09/2021 13:31
71;8;41;23/09/2021 13:31
71;11;41;23/09/2021 13:31
71;11;41;23/09/2021 13:31
71;9;41;23/09/2021 13:31
72;9;41;23/09/2021 13:31
72;7;41;23/09/2021 13:31
72;13;41;23/09/2021 13:31
72;10;41;23/09/2021 13:31
72;12;41;23/09/2021 13:31
72;12;41;23/09/2021 13:31
72;9;41;23/09/2021 13:31
72;16;41;23/09/2021 13:31
73;17;41;23/09/2021 13:31
73;16;41;23/09/2021 13:31
73;20;41;23/09/2021 13:31
73;5;41;23/09/2021 13:31
73;4;41;23/09/2021 13:31
73;4;41;23/09/2021 13:32
73;5;41;23/09/2021 13:32
73;7;41;23/09/2021 13:32
73;9;41;23/09/2021 13:32
73;7;41;23/09/2021 13:32
73;9;41;23/09/2021 13:32
73;7;41;23/09/2021 13:32
73;7;41;23/09/2021 13:32
73;8;41;23/09/2021 13:32
73;13;41;23/09/2021 13:32
73;8;41;23/09/2021 13:32
74;10;41;23/09/2021 13:32
74;3;41;23/09/2021 13:32
73;6;41;23/09/2021 13:32
73;4;41;23/09/2021 13:32
73;5;41;23/09/2021 13:32
73;7;41;23/09/2021 13:32
73;4;41;23/09/2021 13:32
73;4;41;23/09/2021 13:32
73;7;41;23/09/2021 13:32
73;11;41;23/09/2021 13:32
73;14;41;23/09/2021 13:32
74;14;41;23/09/2021 13:32
74;16;41;23/09/2021 13:32
74;13;41;23/09/2021 13:32
74;10;41;23/09/2021 13:32
74;8;41;23/09/2021 13:32
73;6;41;23/09/2021 13:32
73;7;41;23/09/2021 13:32
73;5;41;23/09/2021 13:32
73;11;41;23/09/2021 13:32
73;13;41;23/09/2021 13:33
73;10;41;23/09/2021 13:33
73;10;41;23/09/2021 13:33
73;7;41;23/09/2021 13:33
73;12;41;23/09/2021 13:33
73;7;41;23/09/2021 13:33
73;4;41;23/09/2021 13:33
73;4;41;23/09/2021 13:33
73;4;41;23/09/2021 13:33
74;8;41;23/09/2021 13:33
74;12;41;23/09/2021 13:33
73;5;41;23/09/2021 13:33
73;9;41;23/09/2021 13:33
73;9;41;23/09/2021 13:33
73;4;41;23/09/2021 13:33
73;4;41;23/09/2021 13:33
73;7;41;23/09/2021 13:33
73;10;41;23/09/2021 13:33
74;15;41;23/09/2021 13:33
74;10;41;23/09/2021 13:33
75;19;41;23/09/2021 13:33
75;21;41;23/09/2021 13:33
75;15;41;23/09/2021 13:33
75;16;41;23/09/2021 13:33
75;10;41;23/09/2021 13:33
75;9;41;23/09/2021 13:33
75;13;41;23/09/2021 13:33
75;14;41;23/09/2021 13:33
75;14;41;23/09/2021 13:33
75;14;41;23/09/2021 13:33
75;7;41;23/09/2021 13:33
75;6;41;23/09/2021 13:33
75;12;41;23/09/2021 13:33
75;12;41;23/09/2021 13:33
75;6;41;23/09/2021 13:33
75;6;41;23/09/2021 13:33
75;12;41;23/09/2021 13:33
75;12;41;23/09/2021 13:33
75;8;41;23/09/2021 13:34
75;8;41;23/09/2021 13:34
75;12;41;23/09/2021 13:34
75;12;41;23/09/2021 13:34
75;14;41;23/09/2021 13:34
75;15;41;23/09/2021 13:34
76;14;41;23/09/2021 13:34
76;14;41;23/09/2021 13:34
76;8;41;23/09/2021 13:34
76;8;41;23/09/2021 13:34
77;16;41;23/09/2021 13:34
77;16;41;23/09/2021 13:34
77;14;41;23/09/2021 13:34
77;14;41;23/09/2021 13:34
77;7;41;23/09/2021 13:34
77;7;41;23/09/2021 13:34
76;9;41;23/09/2021 13:34
76;9;41;23/09/2021 13:34
76;9;41;23/09/2021 13:34
76;9;41;23/09/2021 13:34
76;7;41;23/09/2021 13:34
76;7;41;23/09/2021 13:34
76;5;41;23/09/2021 13:34
76;5;41;23/09/2021 13:34
76;9;41;23/09/2021 13:34
76;9;41;23/09/2021 13:34
76;7;41;23/09/2021 13:34
76;7;41;23/09/2021 13:34
76;6;41;23/09/2021 13:34
76;6;41;23/09/2021 13:34
76;7;41;23/09/2021 13:34
76;8;41;23/09/2021 13:34
76;5;41;23/09/2021 13:34
76;5;41;23/09/2021 13:34
76;6;41;23/09/2021 13:34
76;6;41;23/09/2021 13:34
76;5;41;23/09/2021 13:34
76;5;41;23/09/2021 13:34
76;7;41;23/09/2021 13:34
76;8;41;23/09/2021 13:34
76;6;41;23/09/2021 13:34
76;7;41;23/09/2021 13:34
76;9;41;23/09/2021 13:34
76;10;41;23/09/2021 13:34
76;7;41;23/09/2021 13:34
76;7;41;23/09/2021 13:34
76;10;41;23/09/2021 13:34
76;10;41;23/09/2021 13:34
77;14;41;23/09/2021 13:34
77;14;41;23/09/2021 13:34
77;13;41;23/09/2021 13:34
77;13;41;23/09/2021 13:34
77;13;41;23/09/2021 13:34
77;14;41;23/09/2021 13:34
77;12;41;23/09/2021 13:34
77;13;41;23/09/2021 13:34
77;11;41;23/09/2021 13:35
77;11;41;23/09/2021 13:35
77;5;41;23/09/2021 13:35
77;5;41;23/09/2021 13:35
77;8;41;23/09/2021 13:35
77;8;41;23/09/2021 13:35
77;14;41;23/09/2021 13:35
77;14;41;23/09/2021 13:35
77;8;41;23/09/2021 13:35
77;8;41;23/09/2021 13:35
77;4;41;23/09/2021 13:35
77;4;41;23/09/2021 13:35
77;9;41;23/09/2021 13:35
77;9;41;23/09/2021 13:35
77;11;41;23/09/2021 13:35
77;11;41;23/09/2021 13:35
77;8;41;23/09/2021 13:35
77;8;41;23/09/2021 13:35
77;8;41;23/09/2021 13:35
77;8;41;23/09/2021 13:35
78;12;41;23/09/2021 13:35
78;11;41;23/09/2021 13:35
77;8;41;23/09/2021 13:35
77;8;41;23/09/2021 13:35
77;6;41;23/09/2021 13:35
77;6;41;23/09/2021 13:35
77;4;41;23/09/2021 13:35
77;4;41;23/09/2021 13:35
77;5;41;23/09/2021 13:35
77;5;41;23/09/2021 13:35
77;4;41;23/09/2021 13:35
77;4;41;23/09/2021 13:35
77;6;41;23/09/2021 13:35
77;6;41;23/09/2021 13:35
77;5;41;23/09/2021 13:35
77;5;41;23/09/2021 13:35
77;5;41;23/09/2021 13:35
77;5;41;23/09/2021 13:35
77;6;41;23/09/2021 13:35
77;6;41;23/09/2021 13:35
77;4;41;23/09/2021 13:35
77;4;41;23/09/2021 13:35
77;5;41;23/09/2021 13:35
77;5;41;23/09/2021 13:35
77;6;41;23/09/2021 13:35
77;6;41;23/09/2021 13:35
77;9;41;23/09/2021 13:35
77;9;41;23/09/2021 13:35
77;4;41;23/09/2021 13:35
77;4;41;23/09/2021 13:35
77;4;41;23/09/2021 13:35
77;4;41;23/09/2021 13:35
77;8;41;23/09/2021 13:35
77;8;41;23/09/2021 13:35
77;6;41;23/09/2021 13:35
77;6;41;23/09/2021 13:35
77;4;41;23/09/2021 13:35
77;4;41;23/09/2021 13:35
77;5;41;23/09/2021 13:36
77;6;41;23/09/2021 13:36
77;6;41;23/09/2021 13:36
77;5;41;23/09/2021 13:36
77;5;41;23/09/2021 13:36
77;4;41;23/09/2021 13:36
77;4;41;23/09/2021 13:36
77;4;41;23/09/2021 13:36
77;4;41;23/09/2021 13:36
77;4;41;23/09/2021 13:36
77;4;41;23/09/2021 13:36
77;4;41;23/09/2021 13:36
78;4;41;23/09/2021 13:36
78;4;41;23/09/2021 13:36
78;6;41;23/09/2021 13:36
78;6;41;23/09/2021 13:36
78;6;41;23/09/2021 13:36
78;6;41;23/09/2021 13:36
77;8;41;23/09/2021 13:36
77;8;41;23/09/2021 13:36
77;6;41;23/09/2021 13:36
77;6;41;23/09/2021 13:36
77;5;41;23/09/2021 13:36
77;5;41;23/09/2021 13:36
77;5;41;23/09/2021 13:36
77;5;41;23/09/2021 13:36
77;5;41;23/09/2021 13:36
77;5;41;23/09/2021 13:36
77;6;41;23/09/2021 13:36
77;6;41;23/09/2021 13:36
77;5;41;23/09/2021 13:36
77;5;41;23/09/2021 13:36
77;6;41;23/09/2021 13:36
77;6;41;23/09/2021 13:36
77;5;41;23/09/2021 13:36
77;5;41;23/09/2021 13:36
77;5;41;23/09/2021 13:36
77;5;41;23/09/2021 13:36
77;5;41;23/09/2021 13:36
77;5;41;23/09/2021 13:36
77;4;41;23/09/2021 13:36
77;4;41;23/09/2021 13:36
77;4;41;23/09/2021 13:36
77;4;41;23/09/2021 13:36
77;6;41;23/09/2021 13:36
77;6;41;23/09/2021 13:36
77;5;41;23/09/2021 13:36
77;6;41;23/09/2021 13:36
77;5;41;23/09/2021 13:36
77;5;41;23/09/2021 13:36
77;5;41;23/09/2021 13:36
77;5;41;23/09/2021 13:36
77;4;41;23/09/2021 13:36
77;4;41;23/09/2021 13:36
77;9;41;23/09/2021 13:36
77;9;41;23/09/2021 13:36
78;12;41;23/09/2021 13:37
78;12;41;23/09/2021 13:37
78;12;41;23/09/2021 13:37
78;12;41;23/09/2021 13:37
78;8;41;23/09/2021 13:37
78;8;41;23/09/2021 13:37
78;11;41;23/09/2021 13:37
78;11;41;23/09/2021 13:37
77;6;41;23/09/2021 13:37
77;6;41;23/09/2021 13:37
77;8;41;23/09/2021 13:37
77;8;41;23/09/2021 13:37
79;19;41;23/09/2021 13:37
79;19;41;23/09/2021 13:37
78;17;41;23/09/2021 13:37
78;17;41;23/09/2021 13:37
78;10;41;23/09/2021 13:37
78;10;41;23/09/2021 13:37
77;14;41;23/09/2021 13:37
77;14;41;23/09/2021 13:37
78;13;41;23/09/2021 13:37
78;14;41;23/09/2021 13:37
78;11;41;23/09/2021 13:37
78;11;41;23/09/2021 13:37
78;6;41;23/09/2021 13:37
78;6;41;23/09/2021 13:37
78;8;41;23/09/2021 13:37
78;7;41;23/09/2021 13:37
77;9;41;23/09/2021 13:37
77;9;41;23/09/2021 13:37
77;8;41;23/09/2021 13:37
77;8;41;23/09/2021 13:37
77;14;41;23/09/2021 13:37
77;14;41;23/09/2021 13:37
77;10;41;23/09/2021 13:37
77;10;41;23/09/2021 13:37
77;10;41;23/09/2021 13:37
77;10;41;23/09/2021 13:37
77;8;41;23/09/2021 13:37
77;8;41;23/09/2021 13:37
77;10;41;23/09/2021 13:37
77;10;41;23/09/2021 13:37
78;12;41;23/09/2021 13:37
78;12;41;23/09/2021 13:37
78;13;41;23/09/2021 13:37
78;13;41;23/09/2021 13:37
78;7;41;23/09/2021 13:37
78;7;41;23/09/2021 13:37
78;7;41;23/09/2021 13:37
78;7;41;23/09/2021 13:37
78;12;41;23/09/2021 13:37
78;12;41;23/09/2021 13:37
78;9;41;23/09/2021 13:37
78;10;41;23/09/2021 13:37
78;13;41;23/09/2021 13:37
78;13;41;23/09/2021 13:37
78;7;41;23/09/2021 13:37
78;7;41;23/09/2021 13:37
78;10;41;23/09/2021 13:38
78;10;41;23/09/2021 13:38
78;9;41;23/09/2021 13:38
78;9;41;23/09/2021 13:38
78;9;41;23/09/2021 13:38
78;9;41;23/09/2021 13:38
78;9;41;23/09/2021 13:38
78;9;41;23/09/2021 13:38
78;7;41;23/09/2021 13:38
78;7;41;23/09/2021 13:38
78;6;41;23/09/2021 13:38
78;6;41;23/09/2021 13:38
78;6;41;23/09/2021 13:38
78;6;41;23/09/2021 13:38
78;7;41;23/09/2021 13:38
78;7;41;23/09/2021 13:38
78;10;41;23/09/2021 13:38
78;10;41;23/09/2021 13:38
78;15;41;23/09/2021 13:38
78;15;41;23/09/2021 13:38
78;11;41;23/09/2021 13:38
78;11;41;23/09/2021 13:38
78;11;41;23/09/2021 13:38
78;11;41;23/09/2021 13:38
78;10;41;23/09/2021 13:38
78;10;41;23/09/2021 13:38
78;10;41;23/09/2021 13:38
78;10;41;23/09/2021 13:38
78;11;41;23/09/2021 13:38
78;11;41;23/09/2021 13:38
78;8;41;23/09/2021 13:38
78;8;41;23/09/2021 13:38
78;10;41;23/09/2021 13:38
78;10;41;23/09/2021 13:38
78;9;41;23/09/2021 13:38
78;9;41;23/09/2021 13:38
78;8;41;23/09/2021 13:38
78;8;41;23/09/2021 13:38
78;10;41;23/09/2021 13:38
78;10;41;23/09/2021 13:38
78;10;41;23/09/2021 13:38
78;10;41;23/09/2021 13:38
78;8;41;23/09/2021 13:38
78;8;41;23/09/2021 13:38
78;8;41;23/09/2021 13:38
78;8;41;23/09/2021 13:38
78;10;41;23/09/2021 13:38
78;10;41;23/09/2021 13:38
78;10;41;23/09/2021 13:38
78;10;41;23/09/2021 13:38
78;8;41;23/09/2021 13:38
78;8;41;23/09/2021 13:38
78;7;41;23/09/2021 13:38
78;7;41;23/09/2021 13:38
78;9;41;23/09/2021 13:38
78;9;41;23/09/2021 13:38
78;9;41;23/09/2021 13:38
78;9;41;23/09/2021 13:38
78;7;41;23/09/2021 13:39
78;7;41;23/09/2021 13:39
78;12;41;23/09/2021 13:39
78;12;41;23/09/2021 13:39
78;8;41;23/09/2021 13:39
78;8;41;23/09/2021 13:39
78;7;41;23/09/2021 13:39
78;7;41;23/09/2021 13:39
78;9;41;23/09/2021 13:39
78;9;41;23/09/2021 13:39
78;6;41;23/09/2021 13:39
78;6;41;23/09/2021 13:39
78;6;41;23/09/2021 13:39
78;6;41;23/09/2021 13:39
78;8;41;23/09/2021 13:39
78;8;41;23/09/2021 13:39
78;6;41;23/09/2021 13:39
78;6;41;23/09/2021 13:39
78;7;41;23/09/2021 13:39
78;7;41;23/09/2021 13:39
78;7;41;23/09/2021 13:39
78;7;41;23/09/2021 13:39
78;8;41;23/09/2021 13:39
78;7;41;23/09/2021 13:39
78;8;41;23/09/2021 13:39
78;9;41;23/09/2021 13:39
78;10;41;23/09/2021 13:39
78;10;41;23/09/2021 13:39
78;8;41;23/09/2021 13:39
78;8;41;23/09/2021 13:39
78;7;41;23/09/2021 13:39
78;7;41;23/09/2021 13:39
78;8;41;23/09/2021 13:39
78;8;41;23/09/2021 13:39
78;10;41;23/09/2021 13:39
78;10;41;23/09/2021 13:39
78;7;41;23/09/2021 13:39
78;7;41;23/09/2021 13:39
78;7;41;23/09/2021 13:39
78;7;41;23/09/2021 13:39
79;11;41;23/09/2021 13:39
79;11;41;23/09/2021 13:39
79;9;41;23/09/2021 13:39
79;9;41;23/09/2021 13:39
79;8;41;23/09/2021 13:39
79;8;41;23/09/2021 13:39
79;6;41;23/09/2021 13:39
79;6;41;23/09/2021 13:39
79;10;41;23/09/2021 13:39
79;10;41;23/09/2021 13:39
79;9;41;23/09/2021 13:39
79;8;41;23/09/2021 13:39
79;6;41;23/09/2021 13:39
79;6;41;23/09/2021 13:39
79;6;41;23/09/2021 13:39
79;6;41;23/09/2021 13:39
79;11;41;23/09/2021 13:40
79;11;41;23/09/2021 13:40
79;12;41;23/09/2021 13:40
79;12;41;23/09/2021 13:40
79;8;41;23/09/2021 13:40
79;8;41;23/09/2021 13:40
79;9;41;23/09/2021 13:40
79;9;41;23/09/2021 13:40
79;6;41;23/09/2021 13:40
79;6;41;23/09/2021 13:40
79;6;41;23/09/2021 13:40
79;6;41;23/09/2021 13:40
79;6;41;23/09/2021 13:40
79;6;41;23/09/2021 13:40
79;5;41;23/09/2021 13:40
79;5;41;23/09/2021 13:40
79;9;41;23/09/2021 13:40
79;9;41;23/09/2021 13:40
79;8;41;23/09/2021 13:40
79;8;41;23/09/2021 13:40
80;7;41;23/09/2021 13:40
80;7;41;23/09/2021 13:40
79;7;41;23/09/2021 13:40
79;7;41;23/09/2021 13:40
79;6;41;23/09/2021 13:40
79;6;41;23/09/2021 13:40
79;6;41;23/09/2021 13:40
79;7;41;23/09/2021 13:40
79;8;41;23/09/2021 13:40
79;8;41;23/09/2021 13:40
79;10;41;23/09/2021 13:40
79;10;41;23/09/2021 13:40
79;10;41;23/09/2021 13:40
79;10;41;23/09/2021 13:40
80;17;41;23/09/2021 13:40
80;17;41;23/09/2021 13:40
80;11;41;23/09/2021 13:40
80;12;41;23/09/2021 13:40
79;8;41;23/09/2021 13:40
79;9;41;23/09/2021 13:40
79;7;41;23/09/2021 13:40
79;7;41;23/09/2021 13:40
78;8;41;23/09/2021 13:40
78;8;41;23/09/2021 13:40
78;11;41;23/09/2021 13:40
78;11;41;23/09/2021 13:40
78;8;41;23/09/2021 13:40
78;8;41;23/09/2021 13:40
79;6;41;23/09/2021 13:40
79;6;41;23/09/2021 13:40
79;9;41;23/09/2021 13:40
79;9;41;23/09/2021 13:40
79;7;41;23/09/2021 13:40
79;7;41;23/09/2021 13:40
79;7;41;23/09/2021 13:40
79;8;41;23/09/2021 13:40
79;7;41;23/09/2021 13:40
79;7;41;23/09/2021 13:40
79;8;41;23/09/2021 13:41
79;8;41;23/09/2021 13:41
79;9;41;23/09/2021 13:41
79;9;41;23/09/2021 13:41
79;6;41;23/09/2021 13:41
79;6;41;23/09/2021 13:41
79;8;41;23/09/2021 13:41
79;8;41;23/09/2021 13:41
79;7;41;23/09/2021 13:41
79;7;41;23/09/2021 13:41
79;6;41;23/09/2021 13:41
79;6;41;23/09/2021 13:41
79;12;41;23/09/2021 13:41
79;12;41;23/09/2021 13:41
80;12;41;23/09/2021 13:41
80;12;41;23/09/2021 13:41
80;7;41;23/09/2021 13:41
80;7;41;23/09/2021 13:41
80;8;41;23/09/2021 13:41
80;8;41;23/09/2021 13:41
79;9;41;23/09/2021 13:41
79;9;41;23/09/2021 13:41
79;10;41;23/09/2021 13:41
79;10;41;23/09/2021 13:41
79;8;41;23/09/2021 13:41
79;8;41;23/09/2021 13:41
79;7;41;23/09/2021 13:41
79;7;41;23/09/2021 13:41
79;8;41;23/09/2021 13:41
79;7;41;23/09/2021 13:41
79;6;41;23/09/2021 13:41
79;6;41;23/09/2021 13:41
79;8;41;23/09/2021 13:41
79;8;41;23/09/2021 13:41
79;7;41;23/09/2021 13:41
79;7;41;23/09/2021 13:41
79;6;41;23/09/2021 13:41
79;6;41;23/09/2021 13:41
76;8;41;23/09/2021 13:41
76;8;41;23/09/2021 13:41
74;11;41;23/09/2021 13:41
74;11;41;23/09/2021 13:41
74;8;41;23/09/2021 13:41
74;8;41;23/09/2021 13:41
74;11;41;23/09/2021 13:41
74;11;41;23/09/2021 13:41
74;7;41;23/09/2021 13:41
74;7;41;23/09/2021 13:41
74;10;41;23/09/2021 13:41
74;10;41;23/09/2021 13:41
74;13;41;23/09/2021 13:41
74;13;41;23/09/2021 13:41
74;14;41;23/09/2021 13:41
74;14;41;23/09/2021 13:41
74;7;41;23/09/2021 13:41
74;7;41;23/09/2021 13:41
74;8;41;23/09/2021 13:42
74;8;41;23/09/2021 13:42
74;8;41;23/09/2021 13:42
74;8;41;23/09/2021 13:42
74;9;41;23/09/2021 13:42
74;9;41;23/09/2021 13:42
74;10;41;23/09/2021 13:42
74;10;41;23/09/2021 13:42
74;9;41;23/09/2021 13:42
74;9;41;23/09/2021 13:42
74;8;41;23/09/2021 13:42
74;8;41;23/09/2021 13:42
74;11;41;23/09/2021 13:42
74;11;41;23/09/2021 13:42
74;10;41;23/09/2021 13:42
74;10;41;23/09/2021 13:42
74;12;41;23/09/2021 13:42
74;12;41;23/09/2021 13:42
74;9;41;23/09/2021 13:42
74;9;41;23/09/2021 13:42
74;9;41;23/09/2021 13:42
74;9;41;23/09/2021 13:42
74;8;41;23/09/2021 13:42
74;8;41;23/09/2021 13:42
74;11;41;23/09/2021 13:42
74;11;41;23/09/2021 13:42
74;9;41;23/09/2021 13:42
74;9;41;23/09/2021 13:42
74;7;41;23/09/2021 13:42
74;7;41;23/09/2021 13:42
74;10;41;23/09/2021 13:42
74;10;41;23/09/2021 13:42
74;11;41;23/09/2021 13:42
74;11;41;23/09/2021 13:42
74;11;41;23/09/2021 13:42
74;11;41;23/09/2021 13:42
74;11;41;23/09/2021 13:42
74;11;41;23/09/2021 13:42
74;7;41;23/09/2021 13:42
74;7;41;23/09/2021 13:42
74;7;41;23/09/2021 13:42
74;7;41;23/09/2021 13:42
74;8;41;23/09/2021 13:42
74;8;41;23/09/2021 13:42
74;10;41;23/09/2021 13:42
74;10;41;23/09/2021 13:42
74;8;41;23/09/2021 13:42
74;8;41;23/09/2021 13:42
75;11;41;23/09/2021 13:42
75;11;41;23/09/2021 13:42
75;6;41;23/09/2021 13:42
75;6;41;23/09/2021 13:42
74;10;41;23/09/2021 13:42
74;10;41;23/09/2021 13:42
74;8;41;23/09/2021 13:42
74;8;41;23/09/2021 13:42
74;9;41;23/09/2021 13:42
74;9;41;23/09/2021 13:42
74;7;41;23/09/2021 13:43
74;7;41;23/09/2021 13:43
74;7;41;23/09/2021 13:43
74;8;41;23/09/2021 13:43
74;7;41;23/09/2021 13:43
74;7;41;23/09/2021 13:43
74;9;41;23/09/2021 13:43
74;10;41;23/09/2021 13:43
74;12;41;23/09/2021 13:43
74;12;41;23/09/2021 13:43
74;6;41;23/09/2021 13:43
74;6;41;23/09/2021 13:43
75;5;41;23/09/2021 13:43
75;5;41;23/09/2021 13:43
75;8;41;23/09/2021 13:43
75;8;41;23/09/2021 13:43
75;10;41;23/09/2021 13:43
75;10;41;23/09/2021 13:43
75;5;41;23/09/2021 13:43
75;5;41;23/09/2021 13:43
75;6;41;23/09/2021 13:43
75;6;41;23/09/2021 13:43
75;4;41;23/09/2021 13:43
75;4;41;23/09/2021 13:43
75;7;41;23/09/2021 13:43
75;7;41;23/09/2021 13:43
75;4;41;23/09/2021 13:43
75;4;41;23/09/2021 13:43
75;4;41;23/09/2021 13:43
75;4;41;23/09/2021 13:43
75;7;41;23/09/2021 13:43
75;7;41;23/09/2021 13:43
75;4;41;23/09/2021 13:43
75;4;41;23/09/2021 13:43
75;6;41;23/09/2021 13:43
75;6;41;23/09/2021 13:43
76;17;41;23/09/2021 13:43
76;17;41;23/09/2021 13:43
76;11;41;23/09/2021 13:43
76;11;41;23/09/2021 13:43
76;17;41;23/09/2021 13:43
76;17;41;23/09/2021 13:43
76;12;41;23/09/2021 13:43
76;13;41;23/09/2021 13:43
76;12;41;23/09/2021 13:43
76;11;41;23/09/2021 13:43
76;12;41;23/09/2021 13:43
76;13;41;23/09/2021 13:43
76;8;41;23/09/2021 13:43
76;9;41;23/09/2021 13:43
76;6;41;23/09/2021 13:43
76;6;41;23/09/2021 13:43
76;6;41;23/09/2021 13:43
76;6;41;23/09/2021 13:43
76;6;41;23/09/2021 13:43
76;7;41;23/09/2021 13:43
75;7;41;23/09/2021 13:44
75;7;41;23/09/2021 13:44
75;8;41;23/09/2021 13:44
75;8;41;23/09/2021 13:44
75;6;41;23/09/2021 13:44
75;6;41;23/09/2021 13:44
75;5;41;23/09/2021 13:44
75;5;41;23/09/2021 13:44
75;9;41;23/09/2021 13:44
75;9;41;23/09/2021 13:44
76;11;41;23/09/2021 13:44
76;11;41;23/09/2021 13:44
76;9;41;23/09/2021 13:44
76;9;41;23/09/2021 13:44
77;12;41;23/09/2021 13:44
77;12;41;23/09/2021 13:44
78;12;41;23/09/2021 13:44
78;12;41;23/09/2021 13:44
81;15;41;23/09/2021 13:44
81;15;41;23/09/2021 13:44
81;21;41;23/09/2021 13:44
81;21;41;23/09/2021 13:44
80;23;41;23/09/2021 13:44
81;24;41;23/09/2021 13:44
79;21;41;23/09/2021 13:44
79;20;41;23/09/2021 13:44
82;24;41;23/09/2021 13:44
82;24;41;23/09/2021 13:44
82;26;41;23/09/2021 13:44
82;26;41;23/09/2021 13:44
82;33;41;23/09/2021 13:44
82;33;41;23/09/2021 13:44
83;31;41;23/09/2021 13:44
83;31;41;23/09/2021 13:44
84;23;41;23/09/2021 13:44
84;23;41;23/09/2021 13:44
88;19;41;23/09/2021 13:44
88;19;41;23/09/2021 13:44
84;35;41;23/09/2021 13:44
84;35;41;23/09/2021 13:44
84;33;41;23/09/2021 13:44
84;33;41;23/09/2021 13:44
84;22;41;23/09/2021 13:44
84;22;41;23/09/2021 13:44
84;22;41;23/09/2021 13:44
84;22;41;23/09/2021 13:44
84;24;41;23/09/2021 13:44
84;24;41;23/09/2021 13:44
84;22;41;23/09/2021 13:44
84;22;41;23/09/2021 13:44
84;20;41;23/09/2021 13:44
84;20;41;23/09/2021 13:44
84;23;41;23/09/2021 13:44
84;23;41;23/09/2021 13:44
84;22;41;23/09/2021 13:44
84;23;41;23/09/2021 13:44
84;25;41;23/09/2021 13:44
84;25;41;23/09/2021 13:44
84;21;41;23/09/2021 13:45
84;21;41;23/09/2021 13:45
84;22;41;23/09/2021 13:45
84;22;41;23/09/2021 13:45
85;25;41;23/09/2021 13:45
85;25;41;23/09/2021 13:45
84;27;41;23/09/2021 13:45
84;27;41;23/09/2021 13:45
85;38;41;23/09/2021 13:45
85;38;41;23/09/2021 13:45
85;31;41;23/09/2021 13:45
85;31;41;23/09/2021 13:45
85;28;41;23/09/2021 13:45
85;28;41;23/09/2021 13:45
84;28;41;23/09/2021 13:45
84;27;41;23/09/2021 13:45
83;42;41;23/09/2021 13:45
83;43;41;23/09/2021 13:45
85;25;41;23/09/2021 13:45
84;25;41;23/09/2021 13:45
83;28;41;23/09/2021 13:45
83;28;41;23/09/2021 13:45
84;40;41;23/09/2021 13:45
83;39;41;23/09/2021 13:45
83;69;41;23/09/2021 13:45
83;70;41;23/09/2021 13:45
83;54;41;23/09/2021 13:45
83;55;41;23/09/2021 13:45
83;65;41;23/09/2021 13:45
83;64;41;23/09/2021 13:45
82;30;41;23/09/2021 13:45
82;28;41;23/09/2021 13:45
83;28;41;23/09/2021 13:45
83;28;41;23/09/2021 13:45
82;43;41;23/09/2021 13:45
82;42;41;23/09/2021 13:45
82;39;41;23/09/2021 13:45
82;40;41;23/09/2021 13:45
82;45;41;23/09/2021 13:45
82;44;41;23/09/2021 13:45
82;57;41;23/09/2021 13:45
82;58;41;23/09/2021 13:45
83;63;41;23/09/2021 13:45
82;62;41;23/09/2021 13:45
83;68;41;23/09/2021 13:45
83;69;41;23/09/2021 13:45
84;73;41;23/09/2021 13:45
84;73;41;23/09/2021 13:45
84;61;41;23/09/2021 13:45
84;61;41;23/09/2021 13:45
84;72;41;23/09/2021 13:45
84;71;41;23/09/2021 13:45
85;63;41;23/09/2021 13:45
85;63;41;23/09/2021 13:45
83;55;41;23/09/2021 13:45
83;55;41;23/09/2021 13:45
82;68;41;23/09/2021 13:46
82;68;41;23/09/2021 13:46
84;60;41;23/09/2021 13:46
84;60;41;23/09/2021 13:46
82;61;41;23/09/2021 13:46
82;60;41;23/09/2021 13:46
83;60;41;23/09/2021 13:46
83;60;41;23/09/2021 13:46
82;60;41;23/09/2021 13:46
82;61;41;23/09/2021 13:46
83;44;41;23/09/2021 13:46
83;44;41;23/09/2021 13:46
80;37;41;23/09/2021 13:46
80;36;41;23/09/2021 13:46
80;23;41;23/09/2021 13:46
80;23;41;23/09/2021 13:46
81;27;41;23/09/2021 13:46
81;27;41;23/09/2021 13:46
81;30;41;23/09/2021 13:46
81;30;41;23/09/2021 13:46
81;25;41;23/09/2021 13:46
81;25;41;23/09/2021 13:46
81;23;41;23/09/2021 13:46
81;22;41;23/09/2021 13:46
81;30;41;23/09/2021 13:46
81;30;41;23/09/2021 13:46
81;24;41;23/09/2021 13:46
81;24;41;23/09/2021 13:46
81;26;41;23/09/2021 13:46
81;26;41;23/09/2021 13:46
81;27;41;23/09/2021 13:46
81;27;41;23/09/2021 13:46
81;28;41;23/09/2021 13:46
81;29;41;23/09/2021 13:46
81;23;41;23/09/2021 13:46
81;22;41;23/09/2021 13:46
81;23;41;23/09/2021 13:46
81;23;41;23/09/2021 13:46
81;26;41;23/09/2021 13:46
81;26;41;23/09/2021 13:46
81;20;41;23/09/2021 13:46
81;20;41;23/09/2021 13:46
81;21;41;23/09/2021 13:46
81;21;41;23/09/2021 13:46
81;23;41;23/09/2021 13:46
81;23;41;23/09/2021 13:46
81;23;41;23/09/2021 13:46
81;23;41;23/09/2021 13:46
81;19;41;23/09/2021 13:46
81;19;41;23/09/2021 13:46
81;23;41;23/09/2021 13:46
81;23;41;23/09/2021 13:46
81;31;41;23/09/2021 13:46
81;31;41;23/09/2021 13:46
81;21;41;23/09/2021 13:46
81;21;41;23/09/2021 13:46
81;21;41;23/09/2021 13:46
81;21;41;23/09/2021 13:46
81;27;41;23/09/2021 13:47
81;27;41;23/09/2021 13:47
81;21;41;23/09/2021 13:47
81;21;41;23/09/2021 13:47
81;21;41;23/09/2021 13:47
81;21;41;23/09/2021 13:47
81;24;41;23/09/2021 13:47
81;24;41;23/09/2021 13:47
81;21;41;23/09/2021 13:47
81;21;41;23/09/2021 13:47
81;21;41;23/09/2021 13:47
81;21;41;23/09/2021 13:47
81;21;41;23/09/2021 13:47
81;21;41;23/09/2021 13:47
81;24;41;23/09/2021 13:47
81;24;41;23/09/2021 13:47
81;25;41;23/09/2021 13:47
81;25;41;23/09/2021 13:47
81;25;41;23/09/2021 13:47
81;25;41;23/09/2021 13:47
81;24;41;23/09/2021 13:47
81;24;41;23/09/2021 13:47
81;22;41;23/09/2021 13:47
81;22;41;23/09/2021 13:47
81;21;41;23/09/2021 13:47
81;21;41;23/09/2021 13:47
81;27;41;23/09/2021 13:47
81;27;41;23/09/2021 13:47
81;22;41;23/09/2021 13:47
81;22;41;23/09/2021 13:47
81;22;41;23/09/2021 13:47
81;23;41;23/09/2021 13:47
80;23;41;23/09/2021 13:47
80;23;41;23/09/2021 13:47
80;21;41;23/09/2021 13:47
80;21;41;23/09/2021 13:47
80;22;41;23/09/2021 13:47
80;23;41;23/09/2021 13:47
81;23;41;23/09/2021 13:47
81;24;41;23/09/2021 13:47
81;24;41;23/09/2021 13:47
81;24;41;23/09/2021 13:47
81;25;41;23/09/2021 13:47
81;25;41;23/09/2021 13:47
81;25;41;23/09/2021 13:47
81;25;41;23/09/2021 13:47
81;25;41;23/09/2021 13:47
81;25;41;23/09/2021 13:47
81;22;41;23/09/2021 13:47
81;22;41;23/09/2021 13:47
81;24;41;23/09/2021 13:47
81;24;41;23/09/2021 13:47
81;25;41;23/09/2021 13:47
81;25;41;23/09/2021 13:47
81;20;41;23/09/2021 13:47
81;20;41;23/09/2021 13:47
81;20;41;23/09/2021 13:47
81;20;41;23/09/2021 13:47
81;24;41;23/09/2021 13:48
81;25;41;23/09/2021 13:48
80;20;41;23/09/2021 13:48
80;19;41;23/09/2021 13:48
80;26;41;23/09/2021 13:48
80;26;41;23/09/2021 13:48
80;23;41;23/09/2021 13:48
80;23;41;23/09/2021 13:48
81;23;41;23/09/2021 13:48
81;23;41;23/09/2021 13:48
81;22;41;23/09/2021 13:48
81;21;41;23/09/2021 13:48
80;20;41;23/09/2021 13:48
80;20;41;23/09/2021 13:48
81;19;41;23/09/2021 13:48
81;19;41;23/09/2021 13:48
82;30;41;23/09/2021 13:48
82;30;41;23/09/2021 13:48
81;25;41;23/09/2021 13:48
81;25;41;23/09/2021 13:48
81;25;41;23/09/2021 13:48
81;25;41;23/09/2021 13:48
81;23;41;23/09/2021 13:48
81;23;41;23/09/2021 13:48
81;26;41;23/09/2021 13:48
81;26;41;23/09/2021 13:48
81;22;41;23/09/2021 13:48
81;22;41;23/09/2021 13:48
81;18;41;23/09/2021 13:48
81;18;41;23/09/2021 13:48
81;21;41;23/09/2021 13:48
81;21;41;23/09/2021 13:48
81;20;41;23/09/2021 13:48
81;20;41;23/09/2021 13:48
81;20;41;23/09/2021 13:48
81;20;41;23/09/2021 13:48
80;29;41;23/09/2021 13:48
80;29;41;23/09/2021 13:48
80;22;41;23/09/2021 13:48
80;22;41;23/09/2021 13:48
81;17;41;23/09/2021 13:48
81;17;41;23/09/2021 13:48
81;26;41;23/09/2021 13:48
81;27;41;23/09/2021 13:48
81;24;41;23/09/2021 13:48
81;25;41;23/09/2021 13:48
81;24;41;23/09/2021 13:48
81;24;41;23/09/2021 13:48
81;23;41;23/09/2021 13:48
81;23;41;23/09/2021 13:48
80;22;41;23/09/2021 13:48
80;22;41;23/09/2021 13:48
80;17;41;23/09/2021 13:48
80;17;41;23/09/2021 13:48
80;23;41;23/09/2021 13:48
80;23;41;23/09/2021 13:48
80;23;41;23/09/2021 13:48
80;23;41;23/09/2021 13:48
80;24;41;23/09/2021 13:49
80;24;41;23/09/2021 13:49
80;25;41;23/09/2021 13:49
80;25;41;23/09/2021 13:49
80;21;41;23/09/2021 13:49
80;21;41;23/09/2021 13:49
80;21;41;23/09/2021 13:49
80;21;41;23/09/2021 13:49
80;22;41;23/09/2021 13:49
80;22;41;23/09/2021 13:49
80;21;41;23/09/2021 13:49
80;21;41;23/09/2021 13:49
80;28;41;23/09/2021 13:49
80;28;41;23/09/2021 13:49
80;21;41;23/09/2021 13:49
80;21;41;23/09/2021 13:49
80;20;41;23/09/2021 13:49
80;20;41;23/09/2021 13:49
80;21;41;23/09/2021 13:49
80;21;41;23/09/2021 13:49
80;22;41;23/09/2021 13:49
80;22;41;23/09/2021 13:49
80;23;41;23/09/2021 13:49
80;23;41;23/09/2021 13:49
80;22;41;23/09/2021 13:49
80;22;41;23/09/2021 13:49
80;24;41;23/09/2021 13:49
80;24;41;23/09/2021 13:49
80;21;41;23/09/2021 13:49
80;21;41;23/09/2021 13:49
80;20;41;23/09/2021 13:49
80;20;41;23/09/2021 13:49
80;21;41;23/09/2021 13:49
80;21;41;23/09/2021 13:49
80;19;41;23/09/2021 13:49
80;19;41;23/09/2021 13:49
80;20;41;23/09/2021 13:49
80;20;41;23/09/2021 13:49
80;24;41;23/09/2021 13:49
80;23;41;23/09/2021 13:49
80;22;41;23/09/2021 13:49
80;22;41;23/09/2021 13:49
80;21;41;23/09/2021 13:49
80;21;41;23/09/2021 13:49
80;26;41;23/09/2021 13:49
80;26;41;23/09/2021 13:49
81;22;41;23/09/2021 13:49
81;22;41;23/09/2021 13:49
80;14;41;23/09/2021 13:49
80;14;41;23/09/2021 13:49
81;12;41;23/09/2021 13:49
81;12;41;23/09/2021 13:49
78;16;41;23/09/2021 13:49
78;16;41;23/09/2021 13:49
78;9;41;23/09/2021 13:49
78;9;41;23/09/2021 13:49
78;22;41;23/09/2021 13:50
78;22;41;23/09/2021 13:50
78;19;41;23/09/2021 13:50
78;19;41;23/09/2021 13:50
79;21;41;23/09/2021 13:50
78;22;41;23/09/2021 13:50
80;23;41;23/09/2021 13:50
80;23;41;23/09/2021 13:50
82;28;41;23/09/2021 13:50
82;28;41;23/09/2021 13:50
85;31;41;23/09/2021 13:50
85;31;41;23/09/2021 13:50
86;29;41;23/09/2021 13:50
86;29;41;23/09/2021 13:50
87;64;41;23/09/2021 13:50
87;64;41;23/09/2021 13:50
86;60;41;23/09/2021 13:50
86;60;41;23/09/2021 13:50
85;57;41;23/09/2021 13:50
85;57;41;23/09/2021 13:50
88;54;41;23/09/2021 13:50
88;53;41;23/09/2021 13:50
91;31;41;23/09/2021 13:50
91;31;41;23/09/2021 13:50
93;30;41;23/09/2021 13:50
93;30;41;23/09/2021 13:50
94;29;41;23/09/2021 13:50
94;29;41;23/09/2021 13:50
94;19;41;23/09/2021 13:50
94;19;41;23/09/2021 13:50
94;44;41;23/09/2021 13:50
94;45;41;23/09/2021 13:50
95;32;41;23/09/2021 13:50
95;32;41;23/09/2021 13:50
95;25;41;23/09/2021 13:50
95;24;41;23/09/2021 13:50
95;84;41;23/09/2021 13:50
95;84;41;23/09/2021 13:50
96;85;41;23/09/2021 13:50
96;85;41;23/09/2021 13:50
95;62;41;23/09/2021 13:50
95;62;41;23/09/2021 13:50
94;74;41;23/09/2021 13:50
94;74;41;23/09/2021 13:50
93;97;41;23/09/2021 13:50
93;97;41;23/09/2021 13:50
93;89;41;23/09/2021 13:50
93;89;41;23/09/2021 13:50
92;52;41;23/09/2021 13:50
92;52;41;23/09/2021 13:50
92;51;41;23/09/2021 13:50
92;51;41;23/09/2021 13:50
92;53;41;23/09/2021 13:50
92;54;41;23/09/2021 13:50
92;49;41;23/09/2021 13:50
92;49;41;23/09/2021 13:50
92;52;41;23/09/2021 13:51
92;53;41;23/09/2021 13:51
92;53;41;23/09/2021 13:51
92;53;41;23/09/2021 13:51
92;51;41;23/09/2021 13:51
92;52;41;23/09/2021 13:51
92;63;41;23/09/2021 13:51
92;63;41;23/09/2021 13:51
92;56;41;23/09/2021 13:51
92;56;41;23/09/2021 13:51
92;36;41;23/09/2021 13:51
92;36;41;23/09/2021 13:51
92;58;41;23/09/2021 13:51
92;58;41;23/09/2021 13:51
93;81;41;23/09/2021 13:51
93;80;41;23/09/2021 13:51
93;57;41;23/09/2021 13:51
93;58;41;23/09/2021 13:51
93;51;41;23/09/2021 13:51
93;50;41;23/09/2021 13:51
95;37;41;23/09/2021 13:51
95;38;41;23/09/2021 13:51
95;61;41;23/09/2021 13:51
95;61;41;23/09/2021 13:51
90;80;41;23/09/2021 13:51
91;79;41;23/09/2021 13:51
94;54;41;23/09/2021 13:51
94;55;41;23/09/2021 13:51
95;58;41;23/09/2021 13:51
95;57;41;23/09/2021 13:51
95;59;41;23/09/2021 13:51
95;58;41;23/09/2021 13:51
95;56;41;23/09/2021 13:51
95;57;41;23/09/2021 13:51
91;52;41;23/09/2021 13:51
91;52;41;23/09/2021 13:51
91;54;41;23/09/2021 13:51
91;54;41;23/09/2021 13:51
91;45;41;23/09/2021 13:51
91;43;41;23/09/2021 13:51
91;39;41;23/09/2021 13:51
91;42;41;23/09/2021 13:51
92;47;41;23/09/2021 13:51
92;46;41;23/09/2021 13:51
93;64;41;23/09/2021 13:51
93;64;41;23/09/2021 13:51
93;44;41;23/09/2021 13:51
93;43;41;23/09/2021 13:51
93;40;41;23/09/2021 13:51
94;40;41;23/09/2021 13:51
94;47;41;23/09/2021 13:51
93;46;41;23/09/2021 13:51
94;40;41;23/09/2021 13:51
94;39;41;23/09/2021 13:51
94;47;41;23/09/2021 13:51
94;47;41;23/09/2021 13:51
94;53;41;23/09/2021 13:52
94;54;41;23/09/2021 13:52
94;53;41;23/09/2021 13:52
94;52;41;23/09/2021 13:52
94;43;41;23/09/2021 13:52
94;43;41;23/09/2021 13:52
94;47;41;23/09/2021 13:52
94;48;41;23/09/2021 13:52
94;53;41;23/09/2021 13:52
94;52;41;23/09/2021 13:52
94;55;41;23/09/2021 13:52
94;56;41;23/09/2021 13:52
94;65;41;23/09/2021 13:52
94;65;41;23/09/2021 13:52
94;65;41;23/09/2021 13:52
94;64;41;23/09/2021 13:52
95;59;41;23/09/2021 13:52
94;60;41;23/09/2021 13:52
94;57;41;23/09/2021 13:52
94;56;41;23/09/2021 13:52
95;61;41;23/09/2021 13:52
95;61;41;23/09/2021 13:52
94;48;41;23/09/2021 13:52
94;47;41;23/09/2021 13:52
94;42;41;23/09/2021 13:52
94;42;41;23/09/2021 13:52
95;64;41;23/09/2021 13:52
95;64;41;23/09/2021 13:52
95;53;41;23/09/2021 13:52
95;52;41;23/09/2021 13:52
94;45;41;23/09/2021 13:52
94;46;41;23/09/2021 13:52
94;46;41;23/09/2021 13:52
94;47;41;23/09/2021 13:52
94;57;41;23/09/2021 13:52
95;57;41;23/09/2021 13:52
94;55;41;23/09/2021 13:52
94;54;41;23/09/2021 13:52
94;43;41;23/09/2021 13:52
94;44;41;23/09/2021 13:52
94;56;41;23/09/2021 13:52
94;56;41;23/09/2021 13:52
95;52;41;23/09/2021 13:52
95;52;41;23/09/2021 13:52
95;47;41;23/09/2021 13:52
95;47;41;23/09/2021 13:52
95;43;41;23/09/2021 13:52
95;43;41;23/09/2021 13:52
95;51;41;23/09/2021 13:52
95;50;41;23/09/2021 13:52
95;43;41;23/09/2021 13:52
95;42;41;23/09/2021 13:52
95;40;41;23/09/2021 13:52
95;41;41;23/09/2021 13:52
95;46;41;23/09/2021 13:52
95;47;41;23/09/2021 13:52
95;51;41;23/09/2021 13:53
95;50;41;23/09/2021 13:53
95;47;41;23/09/2021 13:53
95;47;41;23/09/2021 13:53
95;44;41;23/09/2021 13:53
95;44;41;23/09/2021 13:53
95;48;41;23/09/2021 13:53
95;47;41;23/09/2021 13:53
95;60;41;23/09/2021 13:53
95;60;41;23/09/2021 13:53
95;43;41;23/09/2021 13:53
95;42;41;23/09/2021 13:53
95;37;41;23/09/2021 13:53
95;37;41;23/09/2021 13:53
95;51;41;23/09/2021 13:53
95;52;41;23/09/2021 13:53
95;45;41;23/09/2021 13:53
95;44;41;23/09/2021 13:53
96;40;41;23/09/2021 13:53
96;41;41;23/09/2021 13:53
95;51;41;23/09/2021 13:53
95;52;41;23/09/2021 13:53
95;56;41;23/09/2021 13:53
95;56;41;23/09/2021 13:53
95;51;41;23/09/2021 13:53
95;52;41;23/09/2021 13:53
95;51;41;23/09/2021 13:53
95;49;41;23/09/2021 13:53
95;44;41;23/09/2021 13:53
95;45;41;23/09/2021 13:53
95;54;41;23/09/2021 13:53
95;55;41;23/09/2021 13:53
95;48;41;23/09/2021 13:53
95;47;41;23/09/2021 13:53
95;43;41;23/09/2021 13:53
95;45;41;23/09/2021 13:53
95;53;41;23/09/2021 13:53
95;52;41;23/09/2021 13:53
96;62;41;23/09/2021 13:53
96;61;41;23/09/2021 13:53
95;46;41;23/09/2021 13:53
95;46;41;23/09/2021 13:53
95;42;41;23/09/2021 13:53
95;44;41;23/09/2021 13:53
95;43;41;23/09/2021 13:53
95;41;41;23/09/2021 13:53
94;62;41;23/09/2021 13:53
94;61;41;23/09/2021 13:53
91;46;41;23/09/2021 13:53
91;46;41;23/09/2021 13:53
87;56;41;23/09/2021 13:53
87;57;41;23/09/2021 13:53
86;60;41;23/09/2021 13:53
86;60;41;23/09/2021 13:53
86;64;41;23/09/2021 13:53
86;65;41;23/09/2021 13:53
86;50;41;23/09/2021 13:54
86;47;41;23/09/2021 13:54
86;40;41;23/09/2021 13:54
86;41;41;23/09/2021 13:54
86;42;41;23/09/2021 13:54
86;45;41;23/09/2021 13:54
86;50;41;23/09/2021 13:54
86;47;41;23/09/2021 13:54
86;50;41;23/09/2021 13:54
86;50;41;23/09/2021 13:54
86;47;41;23/09/2021 13:54
86;48;41;23/09/2021 13:54
86;46;41;23/09/2021 13:54
86;46;41;23/09/2021 13:54
86;53;41;23/09/2021 13:54
86;53;41;23/09/2021 13:54
86;54;41;23/09/2021 13:54
86;54;41;23/09/2021 13:54
86;45;41;23/09/2021 13:54
86;46;41;23/09/2021 13:54
86;40;41;23/09/2021 13:54
86;39;41;23/09/2021 13:54
87;46;41;23/09/2021 13:54
87;49;41;23/09/2021 13:54
85;52;41;23/09/2021 13:54
85;50;41;23/09/2021 13:54
85;46;41;23/09/2021 13:54
85;46;41;23/09/2021 13:54
85;39;41;23/09/2021 13:54
85;37;41;23/09/2021 13:54
85;43;41;23/09/2021 13:54
85;45;41;23/09/2021 13:54
85;54;41;23/09/2021 13:54
85;54;41;23/09/2021 13:54
85;41;41;23/09/2021 13:54
85;39;41;23/09/2021 13:54
85;46;41;23/09/2021 13:54
85;48;41;23/09/2021 13:54
85;44;41;23/09/2021 13:54
85;45;41;23/09/2021 13:54
85;60;41;23/09/2021 13:54
85;63;41;23/09/2021 13:54
85;66;41;23/09/2021 13:54
85;63;41;23/09/2021 13:54
85;38;41;23/09/2021 13:54
85;38;41;23/09/2021 13:54
85;42;41;23/09/2021 13:54
85;41;41;23/09/2021 13:54
86;47;41;23/09/2021 13:54
86;48;41;23/09/2021 13:54
86;53;41;23/09/2021 13:54
86;53;41;23/09/2021 13:54
86;44;41;23/09/2021 13:54
86;43;41;23/09/2021 13:54
86;44;41;23/09/2021 13:54
86;45;41;23/09/2021 13:54
86;49;41;23/09/2021 13:55
86;49;41;23/09/2021 13:55
86;52;41;23/09/2021 13:55
86;52;41;23/09/2021 13:55
86;54;41;23/09/2021 13:55
86;54;41;23/09/2021 13:55
86;44;41;23/09/2021 13:55
86;43;41;23/09/2021 13:55
86;41;41;23/09/2021 13:55
86;41;41;23/09/2021 13:55
87;61;41;23/09/2021 13:55
87;64;41;23/09/2021 13:55
87;79;41;23/09/2021 13:55
87;78;41;23/09/2021 13:55
87;69;41;23/09/2021 13:55
87;68;41;23/09/2021 13:55
87;43;41;23/09/2021 13:55
87;42;41;23/09/2021 13:55
88;43;41;23/09/2021 13:55
87;43;41;23/09/2021 13:55
87;45;41;23/09/2021 13:55
87;46;41;23/09/2021 13:55
87;54;41;23/09/2021 13:55
87;54;41;23/09/2021 13:55
87;46;41;23/09/2021 13:55
87;45;41;23/09/2021 13:55
87;41;41;23/09/2021 13:55
87;43;41;23/09/2021 13:55
87;45;41;23/09/2021 13:55
87;45;41;23/09/2021 13:55
87;60;41;23/09/2021 13:55
87;61;41;23/09/2021 13:55
87;60;41;23/09/2021 13:55
87;60;41;23/09/2021 13:55
87;52;41;23/09/2021 13:55
87;50;41;23/09/2021 13:55
86;50;41;23/09/2021 13:55
86;49;41;23/09/2021 13:55
87;43;41;23/09/2021 13:55
87;44;41;23/09/2021 13:55
87;59;41;23/09/2021 13:55
87;62;41;23/09/2021 13:55
87;64;41;23/09/2021 13:55
87;61;41;23/09/2021 13:55
87;49;41;23/09/2021 13:55
87;49;41;23/09/2021 13:55
87;47;41;23/09/2021 13:55
87;48;41;23/09/2021 13:55
87;50;41;23/09/2021 13:55
87;52;41;23/09/2021 13:55
87;57;41;23/09/2021 13:55
87;56;41;23/09/2021 13:55
87;50;41;23/09/2021 13:55
87;50;41;23/09/2021 13:55
87;43;41;23/09/2021 13:55
87;45;41;23/09/2021 13:55
87;47;41;23/09/2021 13:56
87;44;41;23/09/2021 13:56
87;46;41;23/09/2021 13:56
87;48;41;23/09/2021 13:56
87;53;41;23/09/2021 13:56
87;53;41;23/09/2021 13:56
87;56;41;23/09/2021 13:56
87;55;41;23/09/2021 13:56
87;48;41;23/09/2021 13:56
87;46;41;23/09/2021 13:56
87;44;41;23/09/2021 13:56
87;45;41;23/09/2021 13:56
87;45;41;23/09/2021 13:56
87;46;41;23/09/2021 13:56
87;59;41;23/09/2021 13:56
87;60;41;23/09/2021 13:56
87;56;41;23/09/2021 13:56
87;54;41;23/09/2021 13:56
87;68;41;23/09/2021 13:56
87;67;41;23/09/2021 13:56
87;44;41;23/09/2021 13:56
87;43;41;23/09/2021 13:56
87;39;41;23/09/2021 13:56
87;42;41;23/09/2021 13:56
87;54;41;23/09/2021 13:56
87;54;41;23/09/2021 13:56
87;57;41;23/09/2021 13:56
87;58;41;23/09/2021 13:56
87;58;41;23/09/2021 13:56
87;55;41;23/09/2021 13:56
87;44;41;23/09/2021 13:56
87;45;41;23/09/2021 13:56
87;46;41;23/09/2021 13:56
87;47;41;23/09/2021 13:56
87;53;41;23/09/2021 13:56
87;53;41;23/09/2021 13:56
87;63;41;23/09/2021 13:56
87;64;41;23/09/2021 13:56
87;69;41;23/09/2021 13:56
87;71;41;23/09/2021 13:56
87;77;41;23/09/2021 13:56
87;75;41;23/09/2021 13:56
87;67;41;23/09/2021 13:56
87;67;41;23/09/2021 13:56
87;78;41;23/09/2021 13:56
87;81;41;23/09/2021 13:56
87;88;41;23/09/2021 13:56
87;86;41;23/09/2021 13:56
87;78;41;23/09/2021 13:56
87;80;41;23/09/2021 13:56
88;79;41;23/09/2021 13:56
88;76;41;23/09/2021 13:56
88;63;41;23/09/2021 13:56
88;62;41;23/09/2021 13:56
88;57;41;23/09/2021 13:56
88;58;41;23/09/2021 13:56
88;63;41;23/09/2021 13:57
88;64;41;23/09/2021 13:57
88;68;41;23/09/2021 13:57
88;68;41;23/09/2021 13:57
88;65;41;23/09/2021 13:57
88;66;41;23/09/2021 13:57
88;69;41;23/09/2021 13:57
88;69;41;23/09/2021 13:57
88;51;41;23/09/2021 13:57
88;49;41;23/09/2021 13:57
88;41;41;23/09/2021 13:57
88;41;41;23/09/2021 13:57
88;53;41;23/09/2021 13:57
88;55;41;23/09/2021 13:57
89;68;41;23/09/2021 13:57
89;67;41;23/09/2021 13:57
89;61;41;23/09/2021 13:57
89;64;41;23/09/2021 13:57
89;67;41;23/09/2021 13:57
89;64;41;23/09/2021 13:57
89;46;41;23/09/2021 13:57
89;46;41;23/09/2021 13:57
89;51;41;23/09/2021 13:57
89;50;41;23/09/2021 13:57
89;54;41;23/09/2021 13:57
89;56;41;23/09/2021 13:57
89;56;41;23/09/2021 13:57
89;55;41;23/09/2021 13:57
89;58;41;23/09/2021 13:57
89;58;41;23/09/2021 13:57
89;53;41;23/09/2021 13:57
89;51;41;23/09/2021 13:57
89;36;41;23/09/2021 13:57
89;35;41;23/09/2021 13:57
89;40;41;23/09/2021 13:57
89;42;41;23/09/2021 13:57
89;56;41;23/09/2021 13:57
89;57;41;23/09/2021 13:57
89;58;41;23/09/2021 13:57
89;59;41;23/09/2021 13:57
89;56;41;23/09/2021 13:57
89;57;41;23/09/2021 13:57
89;49;41;23/09/2021 13:57
89;45;41;23/09/2021 13:57
89;39;41;23/09/2021 13:57
89;40;41;23/09/2021 13:57
89;56;41;23/09/2021 13:57
89;58;41;23/09/2021 13:57
89;55;41;23/09/2021 13:57
89;54;41;23/09/2021 13:57
89;57;41;23/09/2021 13:57
89;59;41;23/09/2021 13:57
89;57;41;23/09/2021 13:57
89;57;41;23/09/2021 13:57
89;46;41;23/09/2021 13:57
89;44;41;23/09/2021 13:57
89;51;41;23/09/2021 13:58
89;54;41;23/09/2021 13:58
89;53;41;23/09/2021 13:58
89;54;41;23/09/2021 13:58
89;58;41;23/09/2021 13:58
89;58;41;23/09/2021 13:58
89;55;41;23/09/2021 13:58
89;53;41;23/09/2021 13:58
89;52;41;23/09/2021 13:58
89;54;41;23/09/2021 13:58
89;46;41;23/09/2021 13:58
89;44;41;23/09/2021 13:58
89;44;41;23/09/2021 13:58
89;43;41;23/09/2021 13:58
89;45;41;23/09/2021 13:58
89;48;41;23/09/2021 13:58
90;54;41;23/09/2021 13:58
90;54;41;23/09/2021 13:58
91;75;41;23/09/2021 13:58
91;77;41;23/09/2021 13:58
91;65;41;23/09/2021 13:58
91;65;41;23/09/2021 13:58
91;61;41;23/09/2021 13:58
91;58;41;23/09/2021 13:58
91;47;41;23/09/2021 13:58
91;46;41;23/09/2021 13:58
91;48;41;23/09/2021 13:58
91;49;41;23/09/2021 13:58
91;64;41;23/09/2021 13:58
91;63;41;23/09/2021 13:58
91;61;41;23/09/2021 13:58
91;61;41;23/09/2021 13:58
91;60;41;23/09/2021 13:58
91;58;41;23/09/2021 13:58
91;52;41;23/09/2021 13:58
91;53;41;23/09/2021 13:58
91;55;41;23/09/2021 13:58
91;56;41;23/09/2021 13:58
91;50;41;23/09/2021 13:58
91;50;41;23/09/2021 13:58
92;68;41;23/09/2021 13:58
92;69;41;23/09/2021 13:58
92;61;41;23/09/2021 13:58
92;58;41;23/09/2021 13:58
92;48;41;23/09/2021 13:58
92;49;41;23/09/2021 13:58
92;59;41;23/09/2021 13:58
92;60;41;23/09/2021 13:58
91;58;41;23/09/2021 13:58
91;56;41;23/09/2021 13:58
91;40;41;23/09/2021 13:58
91;41;41;23/09/2021 13:58
87;67;41;23/09/2021 13:58
87;68;41;23/09/2021 13:58
85;61;41;23/09/2021 13:58
85;59;41;23/09/2021 13:58
85;56;41;23/09/2021 13:59
85;57;41;23/09/2021 13:59
86;53;41;23/09/2021 13:59
86;52;41;23/09/2021 13:59
86;50;41;23/09/2021 13:59
86;49;41;23/09/2021 13:59
86;42;41;23/09/2021 13:59
86;43;41;23/09/2021 13:59
86;47;41;23/09/2021 13:59
86;48;41;23/09/2021 13:59
86;57;41;23/09/2021 13:59
86;59;41;23/09/2021 13:59
86;53;41;23/09/2021 13:59
86;50;41;23/09/2021 13:59
86;51;41;23/09/2021 13:59
86;51;41;23/09/2021 13:59
86;50;41;23/09/2021 13:59
86;50;41;23/09/2021 13:59
87;52;41;23/09/2021 13:59
87;52;41;23/09/2021 13:59
86;48;41;23/09/2021 13:59
86;48;41;23/09/2021 13:59
86;42;41;23/09/2021 13:59
86;43;41;23/09/2021 13:59
86;54;41;23/09/2021 13:59
86;54;41;23/09/2021 13:59
86;57;41;23/09/2021 13:59
86;58;41;23/09/2021 13:59
86;64;41;23/09/2021 13:59
86;66;41;23/09/2021 13:59
86;57;41;23/09/2021 13:59
86;55;41;23/09/2021 13:59
86;40;41;23/09/2021 13:59
86;39;41;23/09/2021 13:59
86;42;41;23/09/2021 13:59
86;42;41;23/09/2021 13:59
86;54;41;23/09/2021 13:59
86;55;41;23/09/2021 13:59
86;57;41;23/09/2021 13:59
86;56;41;23/09/2021 13:59
86;51;41;23/09/2021 13:59
86;51;41;23/09/2021 13:59
86;49;41;23/09/2021 13:59
86;50;41;23/09/2021 13:59
86;48;41;23/09/2021 13:59
86;49;41;23/09/2021 13:59
86;44;41;23/09/2021 13:59
86;44;41;23/09/2021 13:59
86;48;41;23/09/2021 13:59
86;48;41;23/09/2021 13:59
86;63;41;23/09/2021 13:59
86;65;41;23/09/2021 13:59
86;55;41;23/09/2021 13:59
86;54;41;23/09/2021 13:59
86;52;41;23/09/2021 13:59
86;51;41;23/09/2021 13:59
86;57;41;23/09/2021 14:00
86;57;41;23/09/2021 14:00
86;45;41;23/09/2021 14:00
86;44;41;23/09/2021 14:00
87;24;41;23/09/2021 14:00
87;23;41;23/09/2021 14:00
82;27;41;23/09/2021 14:00
82;27;41;23/09/2021 14:00
76;40;41;23/09/2021 14:00
75;42;41;23/09/2021 14:00
72;29;41;23/09/2021 14:00
72;28;41;23/09/2021 14:00
47;23;41;23/09/2021 14:00
47;23;41;23/09/2021 14:00
47;12;41;23/09/2021 14:00
47;11;41;23/09/2021 14:00
47;9;41;23/09/2021 14:00
47;9;41;23/09/2021 14:00
47;12;41;23/09/2021 14:00
47;12;41;23/09/2021 14:00
48;9;41;23/09/2021 14:00
48;9;41;23/09/2021 14:00
48;11;41;23/09/2021 14:00
48;12;41;23/09/2021 14:00
48;9;41;23/09/2021 14:00
48;9;41;23/09/2021 14:00
48;7;41;23/09/2021 14:00
48;7;41;23/09/2021 14:00
48;7;41;23/09/2021 14:00
48;7;41;23/09/2021 14:00
49;12;41;23/09/2021 14:00
49;12;41;23/09/2021 14:00
49;12;41;23/09/2021 14:00
49;12;41;23/09/2021 14:00
49;11;41;23/09/2021 14:00
49;11;41;23/09/2021 14:00
49;8;41;23/09/2021 14:00
49;8;41;23/09/2021 14:00
49;12;41;23/09/2021 14:00
49;12;41;23/09/2021 14:00
49;4;41;23/09/2021 14:00
49;4;41;23/09/2021 14:00
49;7;41;23/09/2021 14:00
49;7;41;23/09/2021 14:00
49;9;41;23/09/2021 14:00
49;9;41;23/09/2021 14:00
49;6;41;23/09/2021 14:00
49;6;41;23/09/2021 14:00
49;10;41;23/09/2021 14:00
49;10;41;23/09/2021 14:00
49;14;41;23/09/2021 14:00
49;14;41;23/09/2021 14:00
49;12;41;23/09/2021 14:00
49;12;41;23/09/2021 14:00
50;11;41;23/09/2021 14:00
50;11;41;23/09/2021 14:00
50;11;41;23/09/2021 14:00
50;11;41;23/09/2021 14:00
51;19;41;23/09/2021 14:01
52;14;41;23/09/2021 14:01
51;21;41;23/09/2021 14:01
51;11;41;23/09/2021 14:01
51;8;41;23/09/2021 14:01
51;4;41;23/09/2021 14:01
51;4;41;23/09/2021 14:01
